ee879b5109e9419af1db51c43abe7aa72da310f0	Dynamic Scaling/Defer Panel Updates.vi
dce823cef34df1fe25ff5d79221bc41204d9567a	Dynamic Scaling/Get Bounds.vi
1f23ad4dd16dae642c51a62d563dd5d6458a5500	Dynamic Scaling/Get Minimal Maximal Size.vi
5f2b1877fc399378b11eb36cd0d79cf5ff2c427d	Dynamic Scaling/Get Status.vi
7ec84ea7af070e62cde199dff464b0c2f68f4fb8	Dynamic Scaling/Get Visible (Label).vi
4aee63489bfd06db1f10099d59a33271dd9809a6	Dynamic Scaling/Get Visible.vi
bce33e490be7418087d58d1a4b8c0afcae5fd90f	Dynamic Scaling/Hit Detect.vi
11dec60116e02e99def73bc1269fe20ee32742ab	Dynamic Scaling/Hit Splitter.vi
bb255185815141260877bb7d95ec51bb2022e8f7	Dynamic Scaling/IContainer/Alternative/Distribute.vi
b5f78a73baad239146c534bff3d381f5b60302c4	Dynamic Scaling/IContainer/Alternative/Get Minimal Maximal Size.vi
bf6d461473ebe875514e3152cd6ce814f908b138	Dynamic Scaling/IContainer/Alternative/Init Alternative.vi
516aa4b2575a214bc872b01ebff80f82aa6db3dc	Dynamic Scaling/IContainer/Alternative/Show Hide (Label).vi
2700ba73f17f18b15ad703980203182d43efae85	Dynamic Scaling/IContainer/Distribute.vi
cd0ff48ee9c6c96e27067be0fbaccd25b536eb09	Dynamic Scaling/IContainer/Divider/Calculate Distribution Sizes.vi
691e1b29884cf11dece7b437d768bce8eb05c238	Dynamic Scaling/IContainer/Divider/Distribute.vi
b1db061f93f532f900c12dc934d87b00827a0535	Dynamic Scaling/IContainer/Divider/Get Limits.vi
a190c0f073f9be49beec7a9da5f0cd0b39afe488	Dynamic Scaling/IContainer/Divider/Get Minimal Maximal Size.vi
f7e74879858e9cb040249529c1dab36a8e4768ef	Dynamic Scaling/IContainer/Divider/Get Relative Sizes.vi
684b7be9f90f4181129c3410fc9e646c9139549b	Dynamic Scaling/IContainer/Divider/Get Splitter Size.vi
da42c6b1519afeab771d77227bdad385aef66111	Dynamic Scaling/IContainer/Divider/Get Static.vi
fd3ef2c6797888cbda2da5b410d7d8013a3e72c7	Dynamic Scaling/IContainer/Divider/Get Vertical.vi
65d9c279aa8db210c2162b730b41ddff760a0aee	Dynamic Scaling/IContainer/Divider/Init Divider.vi
9795a0686e39226fa1ae17b96b83615204816edb	Dynamic Scaling/IContainer/Divider/Saturated Add.vi
669cf2ff3d23d11e8322c142555b9640d991ac80	Dynamic Scaling/IContainer/Divider/Set Relative Sizes.vi
e73741e79dac30a54259ce70846a5462cd0f5d09	Dynamic Scaling/IContainer/Divider/Set Splitter Size.vi
950e231e92303832356f0aa343772c5517918ae4	Dynamic Scaling/IContainer/Divider/Splitter/Get Static.vi
de616cbcc1a37b79ea61b649fb15770661d0dc33	Dynamic Scaling/IContainer/Divider/Splitter/Hit Splitter.vi
b57bf864a21f2c5d4d462b14458f43d731316ee6	Dynamic Scaling/IContainer/Divider/Splitter/Init Splitter.vi
1cd4cb8f570e624554afc75b7ce007034f61a4d2	Dynamic Scaling/IContainer/Divider/Splitter/Resize Pane.vi
1e2d403fd847a5c4977ac1949af666c3cd1ab053	Dynamic Scaling/IContainer/Get Items Visible.vi
268ad7c0e014b27f67d57183ab087e20a167e7da	Dynamic Scaling/IContainer/Get Items.vi
83e6ab87283124d84471dcfa6092202c77c3436a	Dynamic Scaling/IContainer/Get Number Of Items.vi
f56ee347d0c682ddb364b8de4c86b358b8d66b80	Dynamic Scaling/IContainer/Get Status.vi
f6a85df3e4534faa7203f98ad71c077f78736054	Dynamic Scaling/IContainer/Get Visible (Label).vi
d22bcbce7ded1713c4c13f917a24c329523ecc6b	Dynamic Scaling/IContainer/Get Visible.vi
b445d32a25d5681dbbf372d1238dc6caab07ee0c	Dynamic Scaling/IContainer/Hit Detect.vi
4d7ccb9111e54fe171a553b5520269237a36667b	Dynamic Scaling/IContainer/Hit Splitter.vi
ddbbecc8ebebfda6ae7f797478e55ce014ea1bfd	Dynamic Scaling/IContainer/Interaction/Close Splitter.vi
9e43c26b0bbc7654d87de2664e53cd16c3a9168e	Dynamic Scaling/IContainer/Interaction/Close.vi
47f7bf5fd1923e6e07eb5a034cced9010e313b4c	Dynamic Scaling/IContainer/Interaction/Distribute.vi
67c9df6fdd3c08a58cec91606c239eb0f7a8679e	Dynamic Scaling/IContainer/Interaction/Dynamic Event Handler.vi
4702b0f0387fa4ff313e2559f8aa67ebbcbedeea	Dynamic Scaling/IContainer/Interaction/Get Active.vi
eb3a35e18369c728253e89df7558d6896645c94b	Dynamic Scaling/IContainer/Interaction/Get Splitter Position.vi
2e8bc97d5024bce94e8f4c27d2bbffdb3ef72a22	Dynamic Scaling/IContainer/Interaction/Horizontal Splitter.vi
18e4955f0d16199fef315e3b9ea2e114e92c720e	Dynamic Scaling/IContainer/Interaction/Init Interaction Splitter.vi
1123c6ca87cf4139f292f95028351659007f59f0	Dynamic Scaling/IContainer/Interaction/Init Interaction.vi
d7a9c88ccda672276d0487da505d89b86f203453	Dynamic Scaling/IContainer/Interaction/Insert In SubPanel.vi
3e12489b132dc69177295a37c9b301fe04a44721	Dynamic Scaling/IContainer/Interaction/On Mouse Move.vi
856a8639c4b9e8f46288aa28b38b68508ff2624e	Dynamic Scaling/IContainer/Interaction/Set Splitter Position.vi
6769774fd818953053dfd3f37ea77ffd9486906f	Dynamic Scaling/IContainer/Interaction/Vertical Splitter.vi
3e195cad127a1b5e26ad9b5d5be1cb37317f1b52	Dynamic Scaling/IContainer/Resize Pane.vi
0a1faeba42363e7a825239f047ca333438c08caa	Dynamic Scaling/IContainer/Resize.vi
fa3ffc7295cc2de685a76cabab6d67584f0640fe	Dynamic Scaling/IContainer/Set Items (Label).vi
c86ce80aeb57b807ba522c4febc847bb1fdc9444	Dynamic Scaling/IContainer/Set Items.vi
21441350415af7d5fe68dcaf56df6bdbad3f7206	Dynamic Scaling/IContainer/Set Parent Visible.vi
55b400248724e637a369321734701f2848104f10	Dynamic Scaling/IContainer/Set Visible.vi
7dace8d4bbd84351d1d1f469923b89d7a97ad911	Dynamic Scaling/IContainer/Show Hide (Label).vi
544641ccc5833249ddf736dfa8bf4e24efd45e06	Dynamic Scaling/IContainer/Viewport/Distribute.vi
f19d6b5b3b6ad4e27024e25705d9e18e19bedb6d	Dynamic Scaling/IContainer/Viewport/Init Viewport.vi
9aa0ed2f07aba5806f6c62da52c2798d1a41a539	Dynamic Scaling/Interaction By Refererence/Close.vi
949c066f3613fc881dd20693bcf3466ad55d17f0	Dynamic Scaling/Interaction By Refererence/Dynamic Event Handler.vi
3b942eb1f161e70638b8b63d04c055f72242b369	Dynamic Scaling/Interaction By Refererence/Get Status.vi
4f820ab4abd18a09e925c431fd91ded552fd67c6	Dynamic Scaling/Interaction By Refererence/Get Visible (Label).vi
48aa9d515d1577125910d6fa8c7adeefcb67acae	Dynamic Scaling/Interaction By Refererence/Hit Detect.vi
be0eb435553f0eb5bd13550b676703480e17bd21	Dynamic Scaling/Interaction By Refererence/Init Interaction By Reference.vi
af462b31004e987785105f20f54afae778cda1b9	Dynamic Scaling/Interaction By Refererence/MMI GetAsyncKeyState.vi
1121d9ec0d9193220325df4c4696a46d4a77c1da	Dynamic Scaling/Interaction By Refererence/Resize.vi
90d79bf457da176fc8966aa7e31b5b04d10f65dc	Dynamic Scaling/Interaction By Refererence/Set Items (Label).vi
5e305a82e2db6f68748fe9b7d8db5f76874b23d2	Dynamic Scaling/Interaction By Refererence/Show Hide (Label).vi
0596f1d2d1dd3b577b29ecf96e61a730d7255f8f	Dynamic Scaling/Match.vi
c02d688973854cb06b82c8475d6d358a153142c6	Dynamic Scaling/Object/Init Object.vi
692ff7ba3469ba036532ad285a3915a0bce57efb	Dynamic Scaling/Object/Resize.vi
7ad5ce7ad205f0b8ca3437634963cfaa5353e311	Dynamic Scaling/Object/Set Visible From Object.vi
8bb7ade432159c77f634abbc29f86128ce108883	Dynamic Scaling/Resize Pane.vi
e51e43ae6a2803a2a2a952af09a3854376144e3f	Dynamic Scaling/Resize.vi
20f7ea0101bc6095631b797140e254a729d82010	Dynamic Scaling/Set Bounds.vi
2e3f145a399589c43e381b88ee461ecb69719b01	Dynamic Scaling/Set Items (Label).vi
f67b5a39bfe98c5aa5000a0154dc6a5b4983fd87	Dynamic Scaling/Set Label.vi
12ccc73b34f07bb4dc56bee425bc36cd9c4417df	Dynamic Scaling/Set Maximum Graph Area.vi
57d070133823c5fbf9ac1fd9568103aa7d792878	Dynamic Scaling/Set Minimal Maximal Size.vi
e9c678b24743ee68aabccb331ffcf26014068ce0	Dynamic Scaling/Set Object Bounds.vi
823177d1b9bdb9266177ba5cb16ffcb118f45127	Dynamic Scaling/Set Object Size Difference.vi
2f91f44883bbd31365aa13d21046900870f0bf5e	Dynamic Scaling/Set Object Size.vi
9fd23ec3a7e3ecdae331f83e8bf89957732c73b2	Dynamic Scaling/Set Parent Visible.vi
a4f66340ad4ccbc4db278c331be5c0f40b384d6a	Dynamic Scaling/Set Visible.vi
2cc42c52362277a8b3d966c6247136c4f0e6b0b6	Dynamic Scaling/Show Hide (Label).vi
7ac8f7adf93e61dbf51280d606a91033a350bd56	Dynamic Scaling/TEST MMI Scaling (Alternatives).vi
7092ee28d41fefac4756e6a25310c491f4c717f4	Dynamic Scaling/TEST MMI Scaling (By Reference).vi
9e147b4661304f750a358be2398f380a649d9397	Dynamic Scaling/TEST MMI Scaling (In SubPanel).vi
c5c554f912107f9b3521aa6837c70307a49cdc63	Dynamic Scaling/TEST MMI Scaling.vi
7b7d27097e7911f324dc489129d99fa4a049a5f8	Dynamic Scaling/TEST Object Manual Bounds (Advanced By Reference Splitter).vi
9f213df0508680b9b5adf3d2cdb77873a2acfe7d	Dynamic Scaling/TEST Object Manual Bounds (Advanced Interactive Splitter).vi
be09cef2f8aa238a0070adf239ccabd35f1b4160	Dynamic Scaling/TEST Object Manual Bounds (By Reference Splitter).vi
9750f4a1de92f1c1b1034bd60e4d242178cdafa7	Dynamic Scaling/TEST Object Manual Bounds (Interactive Splitter).vi
75aa5cbe0136dd0a6a7cf9f96f5c3ef20b3f45de	Dynamic Scaling/TEST Object Manual Bounds (Non Default Scaling Graph).vi
5e066e92855c0f25f120a3e5c9c79ab73e73a195	Dynamic Scaling/TEST Object Manual Bounds (Non Default Scaling Offset).vi
3831468ba4d6a6d807dbdfd62c4080485af4e706	Dynamic Scaling/TEST Object Manual Bounds (Non Default Scaling Overlapping).vi
df7421c391582fd4fc9487fc71823b5aa9683013	Dynamic Scaling/TEST Object Manual Bounds (Non Default Scaling).vi
b1e325ee887fb20c58b6b06d115c1d9c61ae08a6	Dynamic Scaling/TEST Object Manual Bounds (Show Hide).vi
74239a278cf2dd0151994faf958787851ca46902	Dynamic Scaling/TEST Object Manual Bounds (Splitter).vi
eb08db1ba54cababdc6aba5d1819d3c7756de8f1	Dynamic Scaling/TEST Object Manual Bounds (Viewport).vi
328b8d37d14d78ff071319ee80f8581aacc52da9	Dynamic Scaling/TEST Object Manual Bounds.vi
